{"eval_loss": 0.8563812375068665, "eval_model_preparation_time": 0.003, "eval_accuracy": 0.7883333563804626, "eval_runtime": 1.5679, "eval_samples_per_second": 382.676, "eval_steps_per_second": 47.834}