{"eval_loss": 0.38397476077079773, "eval_model_preparation_time": 0.003, "eval_accuracy": 0.8918918967247009, "eval_runtime": 18.7485, "eval_samples_per_second": 524.949, "eval_steps_per_second": 65.659}