{"eval_loss": 1.7521252632141113, "eval_model_preparation_time": 0.004, "eval_accuracy": 0.6466666460037231, "eval_runtime": 1.5243, "eval_samples_per_second": 393.634, "eval_steps_per_second": 49.204}