{"eval_loss": 0.7441144585609436, "eval_model_preparation_time": 0.003, "eval_accuracy": 0.8033333420753479, "eval_runtime": 1.2205, "eval_samples_per_second": 491.583, "eval_steps_per_second": 61.448}