{"eval_loss": 0.8563812375068665, "eval_model_preparation_time": 0.002, "eval_accuracy": 0.7883333563804626, "eval_runtime": 1.2367, "eval_samples_per_second": 485.181, "eval_steps_per_second": 60.648}